Month,Year,Sales,Redemption,Net,Income Distributed,Fund Size,Dividend,FBMKLCI
Jan,1992,"375,563,796.88","-540,347,046.64","-164,783,249.76","1,035,419,777.01","10,319,303,156.67",12.5,570.64
Feb,1992,"419,486,066.50","-384,657,134.29","34,828,932.21",,"10,354,132,088.88",,605.06
Mar,1992,"380,402,760.39","-553,893,777.71","-173,491,017.32",,"10,180,641,071.56",,593.21
Apr,1992,"317,961,017.23","-215,139,914.18","102,821,103.05",,"10,283,462,174.61",,591.63
May,1992,"415,816,178.64","-265,796,917.88","150,019,260.76",,"10,433,481,435.37",,589.09
Jun,1992,"308,147,146.41","-235,537,066.17","72,610,080.24",,"10,506,091,515.61",,592.33
Jul,1992,"382,383,350.24","-231,782,285.17","150,601,065.07",,"10,656,692,580.68",,601.53
Aug,1992,"386,455,227.77","-218,321,156.06","168,134,071.71",,"10,824,826,652.39",,569.68
Sep,1992,"372,476,143.71","-206,338,437.63","166,137,706.08",,"10,990,964,358.47",,602.28
Oct,1992,"339,586,302.64","-283,651,417.78","55,934,884.86",,"11,046,899,243.33",,641.31
Nov,1992,"362,649,948.44","-199,000,080.23","163,649,868.21",,"11,210,549,111.54",,641.89
Dec,1992,"284,009,103.73","-85,213,150.67","198,795,953.06",,"11,409,345,064.60",,643.96
Jan,1993,"374,265,012.91","-602,676,521.54","-228,411,508.63","1,255,813,497.60","12,436,747,053.57",12.5,624.49
Feb,1993,"364,647,921.72","-377,742,420.41","-13,094,498.69",,"12,423,652,554.88",,638.19
Mar,1993,"352,608,353.57","-355,124,147.96","-2,515,794.39",,"12,421,136,760.49",,643.25
Apr,1993,"380,425,407.61","-360,631,017.07","19,794,390.54",,"12,440,931,151.03",,719.61
May,1993,"369,216,080.04","-333,347,250.56","35,868,829.48",,"12,476,799,980.51",,735.25
Jun,1993,"369,511,002.79","-320,306,374.28","49,204,628.51",,"12,526,004,609.02",,721.17
Jul,1993,"461,981,733.02","-289,551,454.70","172,430,278.32",,"12,698,434,887.34",,766.08
Aug,1993,"399,998,113.56","-280,665,212.63","119,332,900.93",,"12,817,767,788.27",,808.49
Sep,1993,"454,185,981.60","-318,474,978.74","135,711,002.86",,"12,953,478,791.13",,853.83
Oct,1993,"450,402,768.62","-304,617,879.27","145,784,889.35",,"13,099,263,680.48",,971.99
Nov,1993,"443,403,195.96","-261,608,185.37","181,795,010.59",,"13,281,058,691.07",,972.1
Dec,1993,"297,218,009.69","-118,177,186.84","179,040,822.85",,"13,460,099,513.92",,"1,275.32"
Jan,1994,"498,705,895.64","-1,278,963,348.04","-780,257,452.40","1,594,868,328.34","14,274,710,389.86",13.5,"1,106.99"
Feb,1994,"591,085,524.35","-685,715,507.17","-94,629,982.82",,"14,180,080,407.04",,"1,125.63"
Mar,1994,"757,013,373.10","-394,811,235.85","362,202,137.25",,"14,542,282,544.29",,952.72
Apr,1994,"663,861,677.61","-424,747,310.90","239,114,366.71",,"14,781,396,911.00",,"1,054.50"
May,1994,"485,835,773.78","-364,942,759.94","120,893,013.84",,"14,902,289,924.84",,993.73
Jun,1994,"547,355,981.29","-339,434,087.31","207,921,893.98",,"15,110,211,818.82",,"1,011.58"
Jul,1994,"549,640,947.59","-374,623,771.35","175,017,176.24",,"15,285,228,995.06",,"1,027.51"
Aug,1994,"581,742,510.56","-396,424,210.12","185,318,300.44",,"15,470,547,295.50",,"1,130.01"
Sep,1994,"536,991,445.72","-398,913,852.11","138,077,593.61",,"15,608,624,889.11",,"1,129.76"
Oct,1994,"671,975,426.54","-364,035,251.22","307,940,175.32",,"15,916,565,064.43",,"1,108.85"
Nov,1994,"1,351,162,814.36","-273,687,239.73","1,077,475,574.63",,"16,994,040,639.06",,"1,013.13"
Dec,1994,"405,156,815.34","-132,337,151.00","272,819,664.34",,"17,266,860,303.40",,971.21
Jan,1995,"507,757,935.87","-963,395,855.27","-455,637,919.40","2,032,540,138.46","18,843,762,522.46",14,883.29
Feb,1995,"482,216,305.58","-497,838,547.87","-15,622,242.29",,"18,828,140,280.17",,979.64
Mar,1995,"477,625,977.63","-442,112,400.86","35,513,576.77",,"18,863,653,856.94",,984.07
Apr,1995,"417,231,679.18","-415,672,644.41","1,559,034.77",,"18,865,212,891.71",,951.8
May,1995,"448,504,051.66","-391,871,849.02","56,632,202.64",,"18,921,845,094.35",,"1,050.00"
Jun,1995,"476,729,945.63","-379,396,152.45","97,333,793.18",,"19,019,178,887.53",,"1,026.62"
Jul,1995,"487,054,678.82","-531,283,608.06","-44,228,929.24",,"18,974,949,958.29",,"1,060.21"
Aug,1995,"569,349,712.83","-366,482,675.51","202,867,037.32",,"19,177,816,995.61",,"1,015.07"
Sep,1995,"941,132,014.03","-382,137,481.29","558,994,532.74",,"19,736,811,528.35",,"1,000.60"
Oct,1995,"924,615,321.22","-351,314,897.93","573,300,423.29",,"20,310,111,951.64",,957.61
Nov,1995,"506,622,999.66","-334,310,881.98","172,312,117.68",,"20,482,424,069.32",,951.69
Dec,1995,"304,735,082.64","-156,962,706.07","147,772,376.57",,"20,630,196,445.89",,995.17
Jan,1996,"689,604,145.76","-1,247,128,487.70","-557,524,341.94","2,357,801,183.76","22,430,473,287.71",13,"1,055.42"
Feb,1996,"613,527,344.81","-525,282,296.48","88,245,048.33",,"22,518,718,336.04",,"1,084.41"
Mar,1996,"691,926,147.65","-629,674,040.10","62,252,107.55",,"22,580,970,443.59",,"1,149.08"
Apr,1996,"697,605,568.62","-584,150,770.07","113,454,798.55",,"22,694,425,242.14",,"1,189.54"
May,1996,"708,943,355.98","-521,292,695.98","187,650,660.00",,"22,882,075,902.14",,"1,141.07"
Jun,1996,"683,609,634.32","-501,637,083.65","181,972,550.67",,"23,064,048,452.81",,"1,136.31"
Jul,1996,"679,767,770.10","-487,949,971.84","191,817,798.26",,"23,255,866,251.07",,"1,068.23"
Aug,1996,"671,846,376.31","-462,832,642.52","209,013,733.79",,"23,464,877,984.83",,"1,118.57"
Sep,1996,"621,699,505.44","-460,867,437.06","160,832,068.38",,"23,625,710,053.21",,"1,135.27"
Oct,1996,"762,544,539.33","-471,722,828.41","290,821,710.92",,"23,916,531,764.13",,"1,168.31"
Nov,1996,"773,611,724.14","-412,609,613.17","361,002,110.97",,"24,277,533,875.10",,"1,226.52"
Dec,1996,"967,021,569.44","-188,759,591.51","778,261,977.93",,"25,055,795,853.03",,"1,237.96"
Jan,1997,"895,769,568.22","-1,656,416,292.85","-760,646,724.63","2,973,197,098.37","27,268,346,226.77",13.25,"1,216.72"
Feb,1997,"682,265,809.89","-684,583,039.16","-2,317,229.27",,"27,266,028,997.50",,"1,270.67"
Mar,1997,"839,929,774.10","-774,934,356.62","64,995,417.48",,"27,331,024,414.98",,"1,203.10"
Apr,1997,"1,011,099,001.86","-692,835,750.76","318,263,251.10",,"27,649,287,666.08",,"1,080.17"
May,1997,"844,683,071.80","-664,571,191.16","180,111,880.64",,"27,829,399,546.72",,"1,104.83"
Jun,1997,"848,796,846.96","-579,305,722.42","269,491,124.54",,"28,098,910,671.26",,"1,077.30"
Jul,1997,"835,113,420.90","-587,162,941.65","247,950,479.25",,"28,346,861,150.51",,"1,012.84"
Aug,1997,"796,964,439.55","-568,335,837.09","228,628,602.46",,"28,575,489,752.97",,804.4
Sep,1997,"779,563,048.95","-608,370,494.11","171,192,554.84",,"28,746,682,307.81",,814.57
Oct,1997,"737,287,650.96","-598,683,708.87","138,603,942.09",,"28,885,286,249.90",,664.69
Nov,1997,"820,185,383.31","-687,525,774.79","132,659,608.52",,"29,017,945,858.42",,545.44
Dec,1997,"690,003,653.46","-722,498,915.21","-32,495,261.75",,"28,985,450,596.67",,594.44
Jan,1998,"717,792,913.30","-2,144,519,543.92","-1,426,726,630.62","3,188,536,335.60","30,747,260,301.65",11.5,569.51
Feb,1998,"781,657,957.56","-1,462,555,314.12","-680,897,356.56",,"30,066,362,945.09",,745.36
Mar,1998,"565,236,228.09","-1,111,281,780.98","-546,045,552.89",,"29,520,317,392.20",,719.52
Apr,1998,"443,694,395.88","-1,059,628,654.50","-615,934,258.62",,"28,904,383,133.58",,625.97
May,1998,"420,064,667.31","-1,135,528,376.56","-715,463,709.25",,"28,188,919,424.33",,538.24
Jun,1998,"419,166,212.27","-1,118,838,557.29","-699,672,345.02",,"27,489,247,079.31",,455.64
Jul,1998,"420,933,957.83","-1,116,027,788.77","-695,093,830.94",,"26,794,153,248.37",,402.65
Aug,1998,"376,363,553.67","-892,579,351.63","-516,215,797.96",,"26,277,937,450.41",,302.91
Sep,1998,"509,438,681.10","-831,272,051.64","-321,833,370.54",,"25,956,104,079.87",,373.52
Oct,1998,"471,140,632.41","-622,485,478.68","-151,344,846.27",,"25,804,759,233.60",,405.33
Nov,1998,"382,243,376.96","-613,535,219.14","-231,291,842.18",,"25,573,467,391.42",,501.47
Dec,1998,"203,270,925.72","-283,878,635.86","-80,607,710.14",,"25,492,859,681.28",,586.13
Jan,1999,"588,153,788.36","-1,728,846,071.75","-1,140,692,283.39","2,591,196,292.45","26,943,363,690.34",10.5,591.43
Feb,1999,"466,751,502.88","-955,578,947.28","-488,827,444.40",,"26,454,536,245.94",,542.23
Mar,1999,"466,451,453.83","-902,303,205.62","-435,851,751.79",,"26,018,684,494.15",,502.82
Apr,1999,"431,944,087.20","-820,408,584.53","-388,464,497.33",,"25,630,219,996.82",,674.96
May,1999,"478,570,613.40","-807,807,557.11","-329,236,943.71",,"25,300,983,053.11",,743.04
Jun,1999,"491,399,623.75","-710,662,503.82","-219,262,880.07",,"25,081,720,173.04",,811.1
Jul,1999,"548,461,906.35","-679,600,825.83","-131,138,919.48",,"24,950,581,253.56",,768.69
Aug,1999,"485,378,032.81","-591,412,726.59","-106,034,693.78",,"24,844,546,559.78",,764.79
Sep,1999,"500,041,411.96","-545,143,029.89","-45,101,617.93",,"24,799,444,941.85",,675.45
Oct,1999,"451,746,619.05","-515,896,889.42","-64,150,270.37",,"24,735,294,671.48",,742.87
Nov,1999,"420,593,471.94","-462,722,474.14","-42,129,002.20",,"24,693,165,669.28",,734.66
Dec,1999,"340,157,270.54","-264,453,728.61","75,703,541.93",,"24,768,869,211.21",,812.33
Jan,2000,"702,234,853.11","-1,484,603,874.54","-782,369,021.43","3,004,123,182.28","26,990,623,372.06",12,922.1
Feb,2000,"729,220,809.71","-937,221,903.89","-208,001,094.18",,"26,782,622,277.88",,982.24
Mar,2000,"885,891,856.41","-851,337,034.09","34,554,822.32",,"26,817,177,100.20",,974.38
Apr,2000,"828,048,322.16","-732,237,535.21","95,810,786.95",,"26,912,987,887.15",,898.35
May,2000,"702,592,608.78","-781,874,168.21","-79,281,559.43",,"26,833,706,327.72",,911.51
Jun,2000,"621,930,723.39","-697,036,287.80","-75,105,564.41",,"26,758,600,763.31",,833.37
Jul,2000,"636,283,629.62","-611,058,347.70","25,225,281.92",,"26,783,826,045.23",,798.83
Aug,2000,"604,335,263.36","-618,994,655.18","-14,659,391.82",,"26,769,166,653.41",,795.84
Sep,2000,"611,523,147.74","-553,311,157.65","58,211,990.09",,"26,827,378,643.50",,713.51
Oct,2000,"609,652,007.66","-541,883,556.15","67,768,451.51",,"26,895,147,095.01",,752.36
Nov,2000,"572,985,153.02","-553,153,419.90","19,831,733.12",,"26,914,978,828.13",,729.95
Dec,2000,"305,491,510.75","-261,470,261.96","44,021,248.79",,"26,959,000,076.92",,679.64
Jan,2001,"921,636,055.67","-1,516,589,342.42","-594,953,286.75","3,037,144,147.71","29,401,190,937.88",11.75,727.73
Feb,2001,"754,852,447.54","-888,463,742.88","-133,611,295.34",,"29,267,579,642.54",,709.39
Mar,2001,"766,857,336.88","-819,569,014.70","-52,711,677.82",,"29,214,867,964.72",,647.48
Apr,2001,"766,171,688.15","-815,982,018.08","-49,810,329.93",,"29,165,057,634.79",,584.5
May,2001,"776,575,710.55","-837,229,315.46","-60,653,604.91",,"29,104,404,029.88",,572.88
Jun,2001,"759,935,785.29","-712,850,023.46","47,085,761.83",,"29,151,489,791.71",,592.99
Jul,2001,"756,008,193.68","-699,076,564.01","56,931,629.67",,"29,208,421,421.38",,659.4
Aug,2001,"730,747,678.73","-689,170,682.79","41,576,995.94",,"29,249,998,417.32",,687.16
Sep,2001,"741,758,484.71","-632,111,433.77","109,647,050.94",,"29,359,645,468.26",,615.34
Oct,2001,"814,067,521.17","-666,725,509.79","147,342,011.38",,"29,506,987,479.64",,600.07
Nov,2001,"716,601,814.71","-598,565,410.90","118,036,403.81",,"29,625,023,883.45",,638.02
Dec,2001,"368,519,106.41","-301,781,588.41","66,737,518.00",,"29,691,761,401.45",,696.09
Jan,2002,"957,067,892.20","-1,750,738,681.98","-793,670,789.78","2,689,366,266.17","31,587,456,877.84",10,718.82
Feb,2002,"827,102,386.19","-851,204,268.46","-24,101,882.27",,"31,563,354,995.57",,708.91
Mar,2002,"911,831,343.75","-961,466,520.77","-49,635,177.02",,"31,513,719,818.55",,756.1
Apr,2002,"1,009,164,047.12","-945,321,598.81","63,842,448.31",,"31,577,562,266.86",,793.99
May,2002,"889,077,012.96","-926,042,179.82","-36,965,166.86",,"31,540,597,100.00",,741.76
Jun,2002,"827,657,446.62","-783,605,504.89","44,051,941.73",,"31,584,649,041.73",,725.44
Jul,2002,"917,101,323.67","-783,813,840.38","133,287,483.29",,"31,717,936,525.02",,721.59
Aug,2002,"843,625,951.11","-735,230,457.09","108,395,494.02",,"31,826,332,019.04",,711.36
Sep,2002,"821,414,155.18","-683,752,331.12","137,661,824.06",,"31,963,993,843.10",,638.01
Oct,2002,"878,027,784.35","-684,439,191.84","193,588,592.51",,"32,157,582,435.61",,659.57
Nov,2002,"776,830,068.25","-651,411,465.90","125,418,602.35",,"32,283,001,037.96",,629.22
Dec,2002,"345,796,848.84","-235,471,625.86","110,325,222.98",,"32,393,326,260.94",,646.32
Jan,2003,"1,105,935,894.68","-1,825,059,915.74","-719,124,021.06","2,751,321,807.51","34,425,524,047.39",9,664.77
Feb,2003,"808,378,579.08","-862,076,905.32","-53,698,326.24",,"34,371,825,721.15",,646.8
Mar,2003,"845,655,922.52","-982,754,313.24","-137,098,390.72",,"34,234,727,330.43",,635.72
Apr,2003,"875,655,402.87","-935,458,096.50","-59,802,693.63",,"34,174,924,636.80",,630.37
May,2003,"810,788,353.28","-926,692,062.93","-115,903,709.65",,"34,059,020,927.15",,671.46
Jun,2003,"850,295,599.01","-835,826,700.10","14,468,898.91",,"34,073,489,826.06",,691.96
Jul,2003,"913,712,280.48","-858,756,371.54","54,955,908.94",,"34,128,445,735.00",,720.56
Aug,2003,"876,067,477.01","-780,130,838.34","95,936,638.67",,"34,224,382,373.67",,743.3
Sep,2003,"884,573,207.43","-774,571,069.82","110,002,137.61",,"34,334,384,511.28",,733.45
Oct,2003,"889,232,688.91","-794,363,364.15","94,869,324.76",,"34,429,253,836.04",,817.12
Nov,2003,"766,929,406.90","-626,150,337.94","140,779,068.96",,"34,570,032,905.00",,779.28
Dec,2003,"463,666,649.44","-351,159,851.93","112,506,797.51",,"34,682,539,702.51",,793.94
Jan,2004,"1,280,903,992.16","-1,768,801,132.72","-487,897,140.56","3,038,840,775.79","37,233,483,337.74",9.25,818.94
Feb,2004,"1,014,239,243.01","-1,089,285,715.66","-75,046,472.65",,"37,158,436,865.09",,879.24
Mar,2004,"1,230,020,801.26","-1,101,731,120.42","128,289,680.84",,"37,286,726,545.93",,901.85
Apr,2004,"1,164,085,136.02","-1,016,934,297.10","147,150,838.92",,"37,433,877,384.85",,838.21
May,2004,"989,699,517.28","-915,546,566.95","74,152,950.33",,"37,508,030,335.18",,810.67
Jun,2004,"1,043,983,777.74","-928,098,756.84","115,885,020.90",,"37,623,915,356.08",,819.86
Jul,2004,"1,044,098,924.68","-896,551,475.27","147,547,449.41",,"37,771,462,805.49",,833.98
Aug,2004,"970,841,828.49","-873,233,270.42","97,608,558.07",,"37,869,071,363.56",,827.98
Sep,2004,"1,072,856,874.45","-827,641,226.75","245,215,647.70",,"38,114,287,011.26",,849.96
Oct,2004,"1,018,963,071.08","-784,026,777.21","234,936,293.87",,"38,349,223,305.13",,861.14
Nov,2004,"951,248,239.63","-662,125,979.07","289,122,260.56",,"38,638,345,565.69",,917.19
Dec,2004,"510,135,115.34","-403,110,331.26","107,024,784.08",,"38,745,370,349.77",,907.43
Jan,2005,"1,417,338,920.30","-1,757,197,404.42","-339,858,484.12","3,185,838,102.29","41,591,349,967.94",9.25,916.27
Feb,2005,"1,087,257,367.54","-1,050,518,644.26","36,738,723.28",,"41,628,088,691.22",,907.38
Mar,2005,"1,311,154,783.40","-1,232,539,785.32","78,614,998.08",,"41,706,703,689.30",,871.35
Apr,2005,"1,176,909,297.49","-1,075,564,356.38","101,344,941.11",,"41,808,048,630.41",,878.96
May,2005,"1,147,902,438.58","-1,062,370,589.84","85,531,848.74",,"41,893,580,479.15",,860.73
Jun,2005,"1,151,366,827.44","-1,083,664,677.52","67,702,149.92",,"41,961,285,994.46",,888.32
Jul,2005,"1,151,156,499.95","-976,275,067.90","174,881,432.05",,"42,136,167,426.51",,937.39
Aug,2005,"1,312,069,390.28","-984,122,035.59","327,947,354.69",,"42,464,114,781.20",,913.56
Sep,2005,"1,375,880,202.20","-982,666,394.42","393,213,807.78",,"42,857,328,588.98",,927.54
Oct,2005,"1,425,128,356.35","-915,204,436.40","509,923,919.95",,"43,367,252,508.93",,910.76
Nov,2005,"1,124,373,988.16","-681,385,201.36","442,988,786.80",,"43,810,241,295.73",,896.13
Dec,2005,"750,993,296.10","-427,918,018.98","323,075,277.12",,"44,133,316,572.85",,899.79
Jan,2006,"1,518,952,514.55","-1,871,480,107.25","-352,527,592.70","3,487,975,919.73","47,268,764,899.88",9,914.01
Feb,2006,"1,769,416,314.35","-1,289,660,595.12","479,755,719.23",,"47,748,520,619.11",,928.94
Mar,2006,"1,697,669,238.44","-1,316,284,298.23","381,384,940.21",,"48,129,905,559.32",,926.63
Apr,2006,"1,248,799,780.87","-1,099,972,196.58","148,827,584.29",,"48,278,733,143.61",,949.23
May,2006,"1,410,454,919.69","-1,189,800,619.15","220,654,300.54",,"48,499,387,444.15",,927.78
Jun,2006,"1,199,756,614.62","-1,108,882,272.10","90,874,342.52",,"48,590,261,786.67",,914.69
Jul,2006,"1,083,021,895.74","-1,093,517,360.49","-10,495,464.75",,"48,579,766,321.92",,935.85
Aug,2006,"1,253,219,894.13","-1,125,677,320.90","127,542,573.23",,"48,707,308,895.15",,958.12
Sep,2006,"1,228,564,669.49","-1,028,167,278.93","200,397,390.56",,"48,907,706,285.71",,967.55
Oct,2006,"1,166,534,902.20","-870,745,222.17","295,789,680.03",,"49,203,495,965.74",,988.3
Nov,2006,"1,115,494,061.38","-904,639,543.94","210,854,517.44",,"49,414,350,483.18",,"1,080.66"
Dec,2006,"550,691,899.37","-458,812,729.58","91,879,169.79",,"49,506,229,652.97",,"1,096.24"
Jan,2007,"1,637,279,500.55","-2,360,411,137.46","-723,131,636.91","3,844,751,521.18","52,627,849,537.24",8.55,"1,189.35"
Feb,2007,"1,310,593,824.46","-1,352,455,446.55","-41,861,622.09",,"52,585,987,915.15",,"1,196.45"
Mar,2007,"1,435,844,775.10","-1,503,728,933.40","-67,884,158.30",,"52,518,103,756.85",,"1,246.87"
Apr,2007,"1,293,248,527.85","-1,268,184,444.44","25,064,083.41",,"52,543,167,840.26",,"1,322.25"
May,2007,"1,427,352,109.19","-1,330,152,585.38","97,199,523.81",,"52,640,367,364.07",,"1,346.89"
Jun,2007,"1,521,689,629.33","-1,285,210,512.46","236,479,116.87",,"52,876,846,480.94",,"1,354.38"
Jul,2007,"1,588,741,434.84","-1,301,867,743.42","286,873,691.42",,"53,163,720,172.36",,"1,373.71"
Aug,2007,"1,635,999,755.65","-1,210,856,654.30","425,143,101.35",,"53,588,863,273.71",,"1,273.93"
Sep,2007,"1,465,890,992.99","-988,806,035.54","477,084,957.45",,"54,065,948,231.16",,"1,336.30"
Oct,2007,"1,612,106,479.00","-967,046,312.15","645,060,166.85",,"54,711,008,398.01",,"1,413.65"
Nov,2007,"1,303,374,383.69","-1,033,223,460.69","270,150,923.00",,"54,981,159,321.01",,"1,396.98"
Dec,2007,"708,836,380.06","-481,591,301.94","227,245,078.12",,"55,208,404,399.13",,"1,445.03"
Jan,2008,"1,957,438,652.74","-2,686,273,819.29","-728,835,166.55","4,468,119,256.77","58,947,688,489.35",9,"1,393.25"
Feb,2008,"1,698,755,725.99","-1,505,365,968.90","193,389,757.09",,"59,141,078,246.44",,"1,357.40"
Mar,2008,"1,644,183,081.16","-1,363,845,644.66","280,337,436.50",,"59,421,415,682.94",,"1,247.52"
Apr,2008,"1,643,495,744.30","-1,406,358,137.48","237,137,606.82",,"59,658,553,289.76",,"1,279.86"
May,2008,"1,583,100,187.00","-1,351,184,870.31","231,915,316.69",,"59,890,468,606.45",,"1,276.10"
Jun,2008,"1,632,021,761.80","-1,331,596,177.03","300,425,584.77",,"60,190,894,191.22",,"1,186.57"
Jul,2008,"1,720,360,555.89","-1,292,035,989.47","428,324,566.42",,"60,619,218,757.64",,"1,163.09"
Aug,2008,"1,348,050,161.21","-1,214,884,334.39","133,165,826.82",,"60,752,384,584.46",,"1,100.50"
Sep,2008,"1,642,543,709.51","-1,190,902,947.26","451,640,762.25",,"61,204,025,346.71",,"1,018.68"
Oct,2008,"1,496,704,524.85","-966,849,333.84","529,855,191.01",,"61,733,880,537.72",,863.61
Nov,2008,"1,242,834,039.33","-1,025,798,159.54","217,035,879.79",,"61,950,916,417.51",,866.14
Dec,2008,"776,056,826.86","-532,499,309.53","243,557,517.33",,"62,194,473,934.84",,876.75
Jan,2009,"1,922,429,672.92","-2,648,220,136.91","-725,790,463.99","4,740,183,343.92","66,208,866,814.77",8.75,884.45
Feb,2009,"1,805,478,508.44","-1,714,161,431.23","91,317,077.21",,"66,300,183,891.98",,890.67
Mar,2009,"1,875,022,348.30","-1,740,359,730.58","134,662,617.72",,"66,434,846,509.70",,872.55
Apr,2009,"1,972,233,026.49","-1,660,991,706.08","311,241,320.41",,"66,746,087,830.11",,990.74
May,2009,"1,877,388,323.07","-1,559,514,798.19","317,873,524.88",,"67,063,961,354.99",,"1,044.11"
Jun,2009,"1,987,117,908.95","-1,578,852,330.51","408,265,578.44",,"67,472,226,933.43",,"1,075.24"
Jul,2009,"2,034,608,058.59","-1,528,942,929.52","505,665,129.07",,"67,977,892,062.50",,"1,174.90"
Aug,2009,"1,764,572,529.66","-1,287,977,318.45","476,595,211.21",,"68,454,487,273.71",,"1,174.27"
Sep,2009,"1,905,097,818.59","-1,210,799,251.61","694,298,566.98",,"69,148,785,840.69",,"1,202.08"
Oct,2009,"1,905,122,789.22","-1,242,032,328.24","663,090,460.98",,"69,811,876,301.67",,"1,243.23"
Nov,2009,"1,582,844,402.63","-1,220,597,559.30","362,246,843.33",,"70,174,123,145.00",,"1,259.11"
Dec,2009,"1,094,422,235.42","-658,653,561.64","435,768,673.78",,"70,609,891,818.78",,"1,272.78"
Jan,2010,"2,780,685,944.85","-3,028,006,477.21","-247,320,532.36","5,325,810,104.15","75,688,381,390.57",8.55,"1,259.16"
Feb,2010,"2,359,541,039.20","-1,689,328,236.56","670,212,802.64",,"76,358,594,193.21",,"1,270.78"
Mar,2010,"3,064,466,234.06","-2,045,345,603.44","1,019,120,630.62",,"77,377,714,823.83",,"1,320.57"
Apr,2010,"2,591,075,156.97","-1,698,155,503.41","892,919,653.56",,"78,270,634,477.39",,"1,346.38"
May,2010,"2,201,535,902.35","-1,591,591,767.62","609,944,134.73",,"78,880,578,612.12",,"1,285.01"
Jun,2010,"2,145,270,902.19","-1,686,751,789.36","458,519,112.83",,"79,339,097,724.95",,"1,314.02"
Jul,2010,"2,116,069,654.69","-1,531,098,538.71","584,971,115.98",,"79,924,068,840.93",,"1,360.92"
Aug,2010,"1,921,597,618.65","-1,524,085,541.48","397,512,077.17",,"80,321,580,918.10",,"1,422.49"
Sep,2010,"2,062,728,049.08","-1,247,711,676.72","815,016,372.36",,"81,136,597,290.46",,"1,463.50"
Oct,2010,"2,011,667,371.80","-1,326,454,204.74","685,213,167.06",,"81,821,810,457.52",,"1,505.66"
Nov,2010,"1,916,918,219.00","-1,325,392,029.70","591,526,189.30",,"82,413,336,646.82",,"1,485.23"
Dec,2010,"968,589,377.96","-660,705,050.50","307,884,327.46",,"82,721,220,974.28",,"1,518.91"
Jan,2011,"3,350,485,106.03","-3,640,568,527.36","-290,083,421.33","6,355,370,009.02","88,786,507,561.97",8.75,"1,519.94"
Feb,2011,"2,756,387,482.76","-1,960,985,666.24","795,401,816.52",,"89,581,909,378.49",,"1,491.25"
Mar,2011,"3,305,887,169.63","-2,125,757,223.19","1,180,129,946.44",,"90,762,039,324.93",,"1,545.13"
Apr,2011,"2,641,171,786.96","-1,841,680,564.98","799,491,221.98",,"91,561,530,546.91",,"1,534.95"
May,2011,"2,201,873,895.19","-1,895,757,272.67","306,116,622.52",,"91,867,647,169.43",,"1,558.29"
Jun,2011,"2,417,757,806.16","-1,903,242,202.97","514,515,603.19",,"92,382,162,772.62",,"1,579.07"
Jul,2011,"2,318,563,861.69","-1,803,075,085.36","515,488,776.33",,"92,897,651,548.95",,"1,548.81"
Aug,2011,"2,310,162,150.24","-1,750,592,411.61","559,569,738.63",,"93,457,221,287.58",,"1,447.27"
Sep,2011,"2,211,121,108.02","-1,566,493,788.99","644,627,319.03",,"94,101,848,606.61",,"1,387.13"
Oct,2011,"2,134,854,994.58","-1,530,853,354.27","604,001,640.31",,"94,705,850,246.92",,"1,491.89"
Nov,2011,"2,264,828,825.45","-1,389,588,878.44","875,239,947.01",,"95,581,090,193.93",,"1,472.10"
Dec,2011,"1,450,376,234.61","-754,704,454.44","695,671,780.17",,"96,276,761,974.10",,"1,530.73"
Jan,2012,"2,944,402,078.70","-4,118,176,205.85","-1,173,774,127.15","7,481,041,974.57","102,584,029,821.52",8.8,"1,521.29"
Feb,2012,"2,615,366,644.02","-2,658,318,803.82","-42,952,159.80",,"102,541,077,661.72",,"1,569.65"
Mar,2012,"2,696,563,000.06","-2,317,843,897.35","378,719,102.71",,"102,919,796,764.43",,"1,596.33"
Apr,2012,"2,381,347,889.74","-2,084,025,179.42","297,322,710.32",,"103,217,119,474.75",,"1,570.61"
May,2012,"2,506,326,198.24","-2,215,564,102.12","290,762,096.12",,"103,507,881,570.87",,"1,580.67"
Jun,2012,"2,555,819,384.61","-2,119,050,258.09","436,769,126.52",,"103,944,650,697.39",,"1,599.15"
Jul,2012,"2,862,036,328.47","-2,080,548,284.94","781,488,043.53",,"104,726,138,740.92",,"1,631.60"
Aug,2012,"2,907,104,970.82","-1,649,584,575.87","1,257,520,394.95",,"105,983,659,135.87",,"1,646.11"
Sep,2012,"2,634,227,647.53","-1,823,789,105.65","810,438,541.88",,"106,794,097,677.75",,"1,636.66"
Oct,2012,"3,162,014,456.54","-1,720,040,303.36","1,441,974,153.18",,"108,236,071,830.93",,"1,673.07"
Nov,2012,"2,999,166,032.64","-1,554,041,476.62","1,445,124,556.02",,"109,681,196,386.95",,"1,610.83"
Dec,2012,"1,233,426,623.26","-617,432,846.16","615,993,777.10",,"110,297,190,164.05",,"1,688.95"
Jan,2013,"4,276,809,236.65","-4,783,976,024.06","-507,166,787.41","8,621,028,153.06","118,411,051,529.70",8.9,"1,627.55"
Feb,2013,"3,508,227,256.75","-2,603,145,307.08","905,081,949.67",,"119,316,133,479.37",,"1,637.63"
Mar,2013,"3,509,929,545.72","-2,571,261,096.73","938,668,448.99",,"120,254,801,928.36",,"1,671.63"
Apr,2013,"3,268,353,002.22","-2,545,967,508.70","722,385,493.52",,"120,977,187,421.88",,"1,717.65"
May,2013,"2,881,660,757.65","-2,436,278,980.25","445,381,777.40",,"121,422,569,199.28",,"1,769.22"
Jun,2013,"2,735,449,828.72","-2,255,647,083.16","479,802,745.56",,"121,902,371,944.84",,"1,773.54"
Jul,2013,"3,046,750,992.85","-2,527,159,845.47","519,591,147.38",,"122,421,963,092.22",,"1,772.62"
Aug,2013,"2,715,104,104.52","-1,981,190,088.14","733,914,016.38",,"123,155,877,108.60",,"1,727.58"
Sep,2013,"2,729,216,642.27","-2,040,693,865.31","688,522,776.96",,"123,844,399,885.56",,"1,768.62"
Oct,2013,"3,321,059,217.00","-2,002,039,634.90","1,319,019,582.10",,"125,163,419,467.66",,"1,815.15"
Nov,2013,"2,894,619,900.69","-1,803,250,152.32","1,091,369,748.37",,"126,254,789,216.03",,"1,812.72"
Dec,2013,"1,822,572,460.28","-812,391,002.45","1,010,181,457.83",,"127,264,970,673.86",,"1,882.20"
Jan,2014,"3,823,408,106.62","-5,420,724,159.62","-1,597,316,053.00","9,845,958,504.61","135,513,613,125.47",8.7,"1,804.03"
Feb,2014,"3,365,854,051.60","-3,618,346,815.20","-252,492,763.60",,"135,261,120,361.87",,"1,835.66"
Mar,2014,"3,122,801,137.32","-3,444,482,532.04","-321,681,394.72",,"134,939,438,967.15",,"1,849.21"
Apr,2014,"3,074,614,788.86","-2,925,371,502.24","149,243,286.62",,"135,088,682,253.77",,"1,871.52"
May,2014,"2,459,603,268.12","-2,583,415,147.71","-123,811,879.59",,"134,964,870,374.18",,"1,873.38"
Jun,2014,"2,568,862,266.21","-2,608,665,845.34","-39,803,579.13",,"134,925,066,795.05",,"1,882.71"
Jul,2014,"2,438,480,689.62","-2,521,393,719.63","-82,913,030.01",,"134,842,153,765.04",,"1,871.36"
Aug,2014,"2,454,391,639.04","-2,327,589,565.14","126,802,073.90",,"134,968,955,838.94",,"1,866.11"
Sep,2014,"2,515,778,320.70","-2,240,092,151.83","275,686,168.87",,"135,244,642,007.81",,"1,846.31"
Oct,2014,"2,770,331,019.86","-2,003,714,656.09","766,616,363.77",,"136,011,258,371.58",,"1,855.15"
Nov,2014,"2,410,489,182.16","-1,907,626,954.73","502,862,227.43",,"136,514,120,599.01",,"1,820.89"
Dec,2014,"1,618,048,361.58","-845,358,841.44","772,689,520.14",,"137,286,810,119.15",,"1,761.25"
Jan,2015,"3,574,303,993.15","-6,111,429,996.20","-2,537,126,003.05","10,691,375,766.52","145,441,059,882.62",8.5,"1,781.26"
Feb,2015,"2,837,448,834.64","-3,145,272,405.81","-307,823,571.17",,"145,133,236,311.45",,"1,821.21"
Mar,2015,"2,927,885,824.94","-3,869,499,168.23","-941,613,343.29",,"144,191,622,968.16",,"1,830.78"
Apr,2015,"2,953,391,389.40","-3,806,659,334.38","-853,267,944.98",,"143,338,355,023.18",,"1,818.27"
May,2015,"2,170,131,262.57","-2,526,803,760.78","-356,672,498.21",,"142,981,682,524.97",,"1,747.52"
Jun,2015,"2,130,192,200.97","-2,688,742,467.53","-558,550,266.56",,"142,423,132,258.41",,"1,706.64"
Jul,2015,"2,284,761,423.86","-2,366,199,355.37","-81,437,931.51",,"142,341,694,326.90",,"1,723.14"
Aug,2015,"1,827,255,123.34","-2,285,478,259.06","-458,223,135.72",,"141,883,471,191.18",,"1,612.74"
Sep,2015,"2,119,683,635.39","-2,122,310,656.31","-2,627,020.92",,"141,880,844,170.26",,"1,621.04"
Oct,2015,"2,116,709,008.91","-1,881,012,605.01","235,696,403.90",,"142,116,540,574.16",,"1,665.71"
Nov,2015,"1,629,280,598.62","-1,917,851,323.85","-288,570,725.23",,"141,827,969,848.93",,"1,672.16"
Dec,2015,"1,218,112,062.36","-804,608,592.84","413,503,469.52",,"142,241,473,318.45",,"1,692.51"
Jan,2016,"2,350,511,170.62","-6,756,875,048.05","-4,406,363,877.43","10,600,129,096.69","148,435,238,537.71",7.75,"1,667.80"
Feb,2016,"2,501,265,968.90","-3,854,629,127.82","-1,353,363,158.92",,"147,081,875,378.79",,"1,654.75"
Mar,2016,"2,455,168,635.80","-3,746,223,338.41","-1,291,054,702.61",,"145,790,820,676.18",,"1,717.58"
Apr,2016,"1,962,096,439.37","-2,832,740,944.70","-870,644,505.33",,"144,920,176,170.85",,"1,672.72"
May,2016,"1,874,812,653.66","-2,748,492,209.55","-873,679,555.89",,"144,046,496,614.96",,"1,626.00"
